original_name,normalized_name,context,latitude,longitude
Chicago,Chicago,"E. H._

    _July 31, 1902._ Wm. Johnston Printing Company
              Chicago




_ My Trip Around the World_


                                CHICAGO, August 19, 1895.",41.8755616,-87.6244212
Chicago,Chicago,"His manner toward us was most cordial and especially towards the
one of our group who hailed from Chicago. He spoke through an
interpreter, saying that the governor of Chicago had called on him
before the World's Fair, urging the holy man to visit him at the time of
the exhibition, but he could not think of ever leaving India. He then
sent for his book of registration and showed us the name registered as
Carter H. Harrison.",41.8755616,-87.6244212
Chicago,Chicago,"He is a
profound Hindoo scholar, and without doubt will be canonized after
death. His manner toward us was most cordial and especially towards the
one of our group who hailed from Chicago. He spoke through an
interpreter, saying that the governor of Chicago had called on him
before the World's Fair, urging the holy man to visit him at the time of
the exhibition, but he could not think of ever leaving India.",41.8755616,-87.6244212
Chicago,Chicago,"The air became
dense, and it has been truly said that nowhere else than in Shephard's
Hotel can such a transformation scene be witnessed. Many of my own
neighbors from Chicago were here. We met our Japanese colonel again.",41.8755616,-87.6244212
Chicago,Chicago,"Port Said is said to be the most wicked place
on earth. As I hailed from Chicago I thought perhaps honors were even. We did not go ashore, but got our steamer chairs in readiness for the
next day, as we were told we would have a choppy sea, and we fully
realized the truth of the prophecy.",41.8755616,-87.6244212
Chicago,Chicago,"A hasty breakfast and a few good-byes are spoken, and my heart swells
within me, as I spring from the gang-plank to the shore, and the lines

    ""My native country, thee,
    Land of the noble free,
      Thy name I love;
    I love thy rocks and rills,
    Thy woods and templed hills,
    My heart with rapture thrills
      Like that above,""

seem to express all and more than all that I could say. A short stay of a few hours in New York, and an uneventful trip on the
New York Central Railroad brought me into Chicago, where those nearest
and dearest to me were in waiting to bid me welcome home. And now in
closing, my dear children, I will say: ""That if the work I have done in
leaving you these impressions and footprints, gives the pleasure hoped
for, I will feel compensated, notwithstanding I have labored when the
flesh was weak and my vision clouded.",41.8755616,-87.6244212
Chicago,Chicago,"Have you ever had a desire so great that it became a controlling
influence, and when that desire or wish was gratified and that day dream
became a reality to feel an overwhelming sadness--a heart failure? If
so, you can realize how on August 19, 1895, at 6:30 p. m., I left
Chicago with a heavy heart for a voyage around the world in company with
my brother, his wife and son, the latter just relieved from college
life. We arrived in St. Paul in time for breakfast, the train already made
up that was to convey us on the Canadian Pacific Railroad to Vancouver,
B. C.

Our attention was at once directed to the immense wheat fields of
Minnesota and villages few and far between.",41.8755616,-87.6244212
Chicago,Chicago,"Wm. Johnston Printing Company
              Chicago




_ My Trip Around the World_


                                CHICAGO, August 19, 1895. Have you ever had a desire so great that it became a controlling
influence, and when that desire or wish was gratified and that day dream
became a reality to feel an overwhelming sadness--a heart failure?",41.8755616,-87.6244212
Glaciers,Glaciers,"The scenery from the Glacier House to Vancouver, through the Selkirk
Mountains is overpowering; around countless curves, over lofty trestles
and ragged edges of fearful precipices the line of cars pursues its way. The stupendous heights are at times absolutely shrouded in smoke; the
climb of twenty-seven hundred feet in thirty miles around the mountain
shelves and through vast snow sheds (most expensive in their
construction), to emerge again into the light for a glance down the
gorges into the glaciers, over and above to the lofty summits, is all
the imagination can picture, and the traveler feels like a ""mighty atom""
in the midst thereof. On the fifth day out from home we arrived in the city of Vancouver.",51.3043,-117.5194
Glaciers,Glaciers,"Now and then, their bones were seen in white patches on the
prairies, and at the stations tons were ready for shipment east to make
tooth-brush handles and bone dust for soda fountains, etc. We had been
advised to stop at the Glaciers instead of Banff, perhaps by some
traveler who felt the inconvenience of getting up at three o'clock in
the morning to take the train. We regretted it, however, when we were
told that the hotel is nestled among the mountains rising over 5,000
feet above it, all of them snow capped and far down the sides of the
deep gorges was still seen the same white vestment.",51.3043,-117.5194
Glaciers,Glaciers,"A few Indians visit the station on the arrival of
trains; some to barter, others--blind or crippled--to beg. The third day
out, at 1:30 p. m., we reached the Glaciers, where we remained
twenty-four hours. Through Assinniboin, north of western Dakota, we had
noticed deep furrowed trails of the buffalo crossing the road from north
to south.",51.3043,-117.5194
Vancouver,Vancouver,"The constant fear of encountering a
wolf or bear, together with the sight of the great mountain of ice, soon
cools one's ardor, and we were content to retrace our steps and to
gather after dinner around an old-fashioned stove in the exchange of the
Inn with a score of travelers and listen to the stories of their
adventures and have for an object lesson skins of the grizzlies but
lately captured, which had not a soporific effect, but less terrific
than meeting their majesties face to face. The scenery from the Glacier House to Vancouver, through the Selkirk
Mountains is overpowering; around countless curves, over lofty trestles
and ragged edges of fearful precipices the line of cars pursues its way. The stupendous heights are at times absolutely shrouded in smoke; the
climb of twenty-seven hundred feet in thirty miles around the mountain
shelves and through vast snow sheds (most expensive in their
construction), to emerge again into the light for a glance down the
gorges into the glaciers, over and above to the lofty summits, is all
the imagination can picture, and the traveler feels like a ""mighty atom""
in the midst thereof.",49.2608724,-123.113952
Vancouver,Vancouver,"The stupendous heights are at times absolutely shrouded in smoke; the
climb of twenty-seven hundred feet in thirty miles around the mountain
shelves and through vast snow sheds (most expensive in their
construction), to emerge again into the light for a glance down the
gorges into the glaciers, over and above to the lofty summits, is all
the imagination can picture, and the traveler feels like a ""mighty atom""
in the midst thereof. On the fifth day out from home we arrived in the city of Vancouver. Our
vessel, the ""Empress of Japan,"" lay at anchor very near the wharf, and
after securing our cabins and seats at the table we returned to the
Hotel Vancouver, where we remained from Saturday till Monday morning.",49.2608724,-123.113952
Vancouver,Vancouver,"On the fifth day out from home we arrived in the city of Vancouver. Our
vessel, the ""Empress of Japan,"" lay at anchor very near the wharf, and
after securing our cabins and seats at the table we returned to the
Hotel Vancouver, where we remained from Saturday till Monday morning. Owing to a delayed train, we did not sail before midnight.",49.2608724,-123.113952
Vancouver,Vancouver,"If
so, you can realize how on August 19, 1895, at 6:30 p. m., I left
Chicago with a heavy heart for a voyage around the world in company with
my brother, his wife and son, the latter just relieved from college
life. We arrived in St. Paul in time for breakfast, the train already made
up that was to convey us on the Canadian Pacific Railroad to Vancouver,
B. C.

Our attention was at once directed to the immense wheat fields of
Minnesota and villages few and far between. Through the endless prairies
of the Dakotas, with no signs of vegetation along the railway, and but
little animal life.",49.2608724,-123.113952
Vancouver,Vancouver,"I had
no room mate, much to my joy. This was my ""mascot"" from the time I
boarded the steamer at Vancouver--with but one exception, and that was
on the steamer ""Pekin"" from Columbo to Calcutta where I had a dear old
lady from Australia (Mrs. Champion) share my cabin. We had seventy
first-class passengers.",49.2608724,-123.113952
Yokohama,Yokohama,"Mrs. Ashmore, as Mrs. Brown, was the
founder of the ""Mary Colby Seminary"" at Yokohama, afterwards removing to
China with her second husband. One of her daughters married Mr. Curtis,
editor of a Kobe paper, the other, Mr. McCarty, a transportation
merchant of Yokohama. Mrs. Ashmore expressed her views freely regarding
the Dobisha school in Kiota.",35.4443947,139.6367727
Yokohama,Yokohama,"The former has been forty-five years in
the missionary field in China. Mrs. Ashmore, as Mrs. Brown, was the
founder of the ""Mary Colby Seminary"" at Yokohama, afterwards removing to
China with her second husband. One of her daughters married Mr. Curtis,
editor of a Kobe paper, the other, Mr. McCarty, a transportation
merchant of Yokohama.",35.4443947,139.6367727
Yokohama,Yokohama,"The
view from the tea house overlooking the sea is most charming. There our
guide has laid for us a tempting lunch brought from the hotel at
Yokohama. Tea and service is offered us by most graceful Japanese
waitresses, who have no hesitation in assisting our gentlemen change
their clothing for the bathing suit, that they may follow them to the
water's edge to see them sport like fish in the bright blue waters, and
were it not for the pestiferous fleas, one might declare the excursion
perfect.",35.4443947,139.6367727
Yokohama,Yokohama,"For centuries
the cultured class of patrons of the temples have given these people
work, for every rich temple adds to its wealth bronzes, lacquered work,
vestments of brocades, tapestries and carvings of images, each having
its fire-proof building in which its treasures are kept; they are not
seen in the temples. As for the missionary work, we visited the ""Mary
Colby Seminary,"" a boarding and day school in Yokohama, Miss Grafton of
Vermont being principal. At that time there were fifty native children
as scholars, most of them able to pay for their own tuition.",35.4443947,139.6367727
Yokohama,Yokohama,"We were in sight of land, but instead of
reaching it at seven-thirty in the evening we did not accomplish it
until 10 o'clock Monday morning. The steamer ""Belgic"" was stranded that
night forty-three miles from Yokohama. The captain, who had for forty
years made successful trips, was destined to see his vessel wrecked; no
lives were lost but the rebuke he received cost him the loss of his
position--and much greater the loss of reason.",35.4443947,139.6367727
Yokohama,Yokohama,"Each city of Japan seems to have its specialty; for
instance: We found the handsomest kimonas, the finest cloisonais in
Yokohama: the best carving in ivory in Tokio. As for a gentleman's outfit it would be advisable to go to Yokohama with
an empty trunk, for good materials and perfect fit are guaranteed for
marvelously low prices. There your duck suits, Pongees and silk
underwear for the tropics are laid in with great satisfaction.",35.4443947,139.6367727
Yokohama,Yokohama,"The Bungalow of the native all exposed to
view is a sample of neatness, while the children, most gentle with each
other, play in numbers around the home. On this drive and but a short distance from Yokohama is the English
concession, homes hidden almost from view by high walls and dense
foliage. In that land of sunshine, with the cool breeze from the sea,
the constant influx of European and American travelers, keeping one in
touch with the world and with the simplicity of the surroundings, one
can imagine a tranquilizing life and a happy coterie.",35.4443947,139.6367727
Yokohama,Yokohama,"As truthfulness is not a Japanese virtue, it
is well to consult your fellow traveler and to use your own judgment as
to quality. Each city of Japan seems to have its specialty; for
instance: We found the handsomest kimonas, the finest cloisonais in
Yokohama: the best carving in ivory in Tokio. As for a gentleman's outfit it would be advisable to go to Yokohama with
an empty trunk, for good materials and perfect fit are guaranteed for
marvelously low prices.",35.4443947,139.6367727
Yokohama,Yokohama,"Nevertheless, a guide is
indispensable to protect against intrusive curiosity, for wherever you
stop, there the gaping crowd surrounds you. The shopping fever seems to manifest itself almost immediately on
arrival at Yokohama; in fact, I heard of no epidemic so fatal to
visitors. Your guide, who has an eye to the commission he will receive
on all your purchases, gives you his advice as to where you shall
buy--to his best advantage.",35.4443947,139.6367727
Yokohama,Yokohama,"The ship was
well disciplined, the table inviting, the service entirely
Chinese--whose sense of decorum was most marked. On Sunday evening, the thirteenth day out, we expected to anchor at
Yokohama, but a fearful wind arose; the captain left his seat at the
dinner table in haste and ordered the ship's course changed. We were
skirting a terrific typhoon.",35.4443947,139.6367727
Yokohama,Yokohama,"In that land of sunshine, with the cool breeze from the sea,
the constant influx of European and American travelers, keeping one in
touch with the world and with the simplicity of the surroundings, one
can imagine a tranquilizing life and a happy coterie. The streets of Yokohama are narrow, the houses of one, sometimes two
stories, all on line with the sidewalk and with apparently no privacy. The gutters are flushed with water, which seems to be used for all
purposes, even to the bathing of children.",35.4443947,139.6367727
Niko,Niko,"Near by and in the same enclosure is the sacred
horse, a stupid looking animal, guarded by an old woman, who for a
trifling recompense will feed it a few beans from a small saucer. From Niko we go to Tokio, a city of magnificent distances, the home of
the Mikado. We stop at the Imperial Hotel, the best kept in Japan.",36.7197576,139.698139
Niko,Niko,"A missionary told me that they
endeavored early to marry the converted man to the Christian woman and
to insist that they should sit together at their meals, but it was a
hard lesson and seldom adopted. The temples of Niko surpass all others that we saw in Japan. Broad
avenues, well shaded, lead up to the hills upon which they were built.",36.7197576,139.698139
Niko,Niko,"There we barter all evening with natives for
furs of the monkey, idols of ivory and objects of interest of wood and
bronze. The trip to Lake Chuzendi, eight miles from Niko, is made by
chairs and jinrikishas carried and drawn by the coolies. For our party
of four we take two chairs and three jinrikishas and seventeen
coolies--four for each chair, two to pull and one to push the
jinrikishas.",36.7197576,139.698139
Niko,Niko,"The day's journey is made all the more agreeable by the luncheon of
quail sandwiches, fruits and hot tea, the latter made by our guide in
our compartment. At five-thirty o'clock in the evening we arrive at the
Hotel Niko, the weather cold and rainy, a poor table and damp,
uninviting apartments. A brazier is at the solicitation of the guests
placed in the drawing room.",36.7197576,139.698139
Niko,Niko,"Tea and service is offered us by most graceful Japanese
waitresses, who have no hesitation in assisting our gentlemen change
their clothing for the bathing suit, that they may follow them to the
water's edge to see them sport like fish in the bright blue waters, and
were it not for the pestiferous fleas, one might declare the excursion
perfect. The journey to Niko by rail is most diversified, shaded for miles by the
Cryptomeria trees. The pear tree, trellised with its luscious fruit
somewhat like our Russet apple or a taste akin to watermelon, is seen.",36.7197576,139.698139
Tokio,Tokio,"The ponderous bells, struck by
great beams of wood swung from the outside, give forth mighty mysterious
murmurings. The population of the city of Tokio is a million and a half (1895) and
covers a territory as large as London. The castle of the Mikado, in the
center of the city, occupies a space of several miles in circumference.",35.6768601,139.7638947
Tokio,Tokio,"The inhabitants go
bareheaded, carrying umbrellas. The convenience of the river that runs
through Tokio and the canals that intersperse its streets is very
apparent. Public education is compulsory.",35.6768601,139.7638947
Tokio,Tokio,"Near by and in the same enclosure is the sacred
horse, a stupid looking animal, guarded by an old woman, who for a
trifling recompense will feed it a few beans from a small saucer. From Niko we go to Tokio, a city of magnificent distances, the home of
the Mikado. We stop at the Imperial Hotel, the best kept in Japan.",35.6768601,139.7638947
Tokio,Tokio,"As truthfulness is not a Japanese virtue, it
is well to consult your fellow traveler and to use your own judgment as
to quality. Each city of Japan seems to have its specialty; for
instance: We found the handsomest kimonas, the finest cloisonais in
Yokohama: the best carving in ivory in Tokio. As for a gentleman's outfit it would be advisable to go to Yokohama with
an empty trunk, for good materials and perfect fit are guaranteed for
marvelously low prices.",35.6768601,139.7638947
Kobe,Kobe,"Mrs. Ashmore, as Mrs. Brown, was the
founder of the ""Mary Colby Seminary"" at Yokohama, afterwards removing to
China with her second husband. One of her daughters married Mr. Curtis,
editor of a Kobe paper, the other, Mr. McCarty, a transportation
merchant of Yokohama. Mrs. Ashmore expressed her views freely regarding
the Dobisha school in Kiota.",34.6932379,135.1943764
Kobe,Kobe,"Kobe, two hours' ride via railroad, is the
point of departure for us from Japan, after sailing through the Inland
sea and stopping a few hours at Nagasaki. Kobe has an English
concession. Club houses, banks and good hotels gives it a European
appearance.",34.6932379,135.1943764
Kobe,Kobe,"The castle here was occupied by a military force, and
all admittance was denied. Kobe, two hours' ride via railroad, is the
point of departure for us from Japan, after sailing through the Inland
sea and stopping a few hours at Nagasaki. Kobe has an English
concession.",34.6932379,135.1943764
Nagasaki,Nagasaki,"The castle here was occupied by a military force, and
all admittance was denied. Kobe, two hours' ride via railroad, is the
point of departure for us from Japan, after sailing through the Inland
sea and stopping a few hours at Nagasaki. Kobe has an English
concession.",33.1154683,129.7874339
Nagasaki,Nagasaki,"We reached this point at 12:00
p. m. Before arriving a late supper was ordered by a few to celebrate
the leave-taking, for many who had traveled together so far were to
continue their journey to Marseilles and from thence to England, and
others with us were to go into Egypt. We here bade good-bye to Mr. and
Miss Donnesthorpe, who had been with us en route from Nagasaki, Japan. Before leaving Mr. Donnesthorpe gave me his confidence regarding his
engagement to an English girl he had left at home.",33.1154683,129.7874339
Nagasaki,Nagasaki,"The sky cloudless, temperature about 72 (Oct. 1st,
1895); Americans and English crowded the deck. The harbor at Nagasaki is
fine. War vessels from almost every country lie at anchor in the
sparkling waters.",33.1154683,129.7874339
Shanghai,Shanghai,"Their eagerness for success is most noticeable, and they are
rewarded after having satisfied their owner, by being given some of the
small fry. Our steamer anchored fifteen miles off of Shanghai, and our
heavily freighted tender was two hours reaching land. The harbor was
filled with bright colored sailing vessels, junks and sampans,
stern-wheel kickaway and chop boats; also the bateaux of the ""Tanka""
girls who work the ferries.",31.2312707,121.4700152
Shanghai,Shanghai,"He was taken to Paris where, under
Charcot's care, he recovered sufficiently to return to Cambridge, Mass.,
where his work was completed ready for publication. This he desired to
have done in Shanghai. We were told his translation would excel all
others that have ever been made.",31.2312707,121.4700152
Hongkong,Hongkong,"Jugglers throng the piazzas of the hotel, and for a trifling
compensation will swallow a sword three feet long which he flaunts
before our eyes and which disappears to all appearances down his throat
with great strangling; this we do not ask him to repeat. A charming sail of three days brought us into the harbor of Hongkong. The city is built on the mountainside; a narrow strip along the water's
edge is laid out in a fine driveway, warehouses, hotels and club houses
facing the water.",22.350627,114.1849161
Hongkong,Hongkong,"The enjoyment of this scene quite repays
one for the undertaking. Queen's road (the principal street of Hongkong)
runs parallel with the water; from this street, running toward the
mountain, the grade is uphill. We ascend stone steps, twenty to thirty
in number, to reach the street beyond; consequently we do not frequent
them often.",22.350627,114.1849161
Hongkong,Hongkong,"His family were feeling the effect of their
protracted sojourn here and yearned for a change. The distance from Hongkong to Canton is ninety-five miles by the river. We were somewhat surprised to find the captain of our vessel from
Prairie du Chien, Wis., whose family was still residing there.",22.350627,114.1849161
Hongkong,Hongkong,"The Sikh soldiers are the handsomest known. We see them acting as
policemen at Hongkong, and we stop to admire their erect carriage and
military tread. There is one defect, however, in the anatomy of the men
of India; they have no calves to their legs.",22.350627,114.1849161
Hongkong,Hongkong,"We afterward met him at Cairo. Two days out from Hongkong
(Oct. 19, 1895) we skirted the Island of Hainan, which is separated from
the mainland of China by the Gulf of Tonquin, and passing the Empire of
Anan we enter the St. James River, eight degrees north of the
equator--Far. 83.",22.350627,114.1849161
Hongkong,Hongkong,"A snug, cool
cabin all to myself, which opened into a private hallway with a great
open hatchway, or open half-door, gave me the delicious sea air in its
fulness of life and vigor without the necessity of my going on deck. Our
steamer chairs bought at Hongkong were shipped through from Ismalia on
the same vessel we were sailing to Albert Docks, London, where I found
mine in good condition. I could recline in this private hall, book in
hand, and cull from its valuable contents, information of the objects I
had seen, and what was still in store for me--all the Oriental steamers
have well-chosen libraries for the benefit of travelers.",22.350627,114.1849161
Hongkong,Hongkong,"The
markets are disgusting with the skinned rats and bloody fish which are
offered for sale, and a few days' sojourn amidst such surroundings
satisfies the traveler. On our return to Hongkong (the port from which we sailed) the sight of
the French steamer ""Melbourne,"" which was to bear us on our journey, was
an agreeable vision, although on that line of steamers little is done
for the pleasure of the passengers. We took on at Saigon the Governor of
Siberia, his wife and secretary; also the Siberian Minister to China,
with his wife, with many Russians.",22.350627,114.1849161
Canton,Canton,"We saw a head which had been decapitated before our arrival. From the
wall of Canton we could see mountainsides, which seemed to be one vast
number of graves, whose entrance were in the form of a horseshoe. In the
city is a building they call the ""Old Man's Paradise.""",23.1301964,113.2592945
Canton,Canton,"If it were not for
the novel sights that meet the eye the sympathy aroused would be too
trying for the traveler. Canton is called the ""City of Rams,"" or the
""City of the Genii."" These names are derived from the supposed visit of
fire-protecting spirits that came from heaven two thousand years ago.",23.1301964,113.2592945
Canton,Canton,"Whampun and Homan, two lofty pagodas, made
famous by their age and height, are seen from the steamer, and an
occasional dead body of a Chinaman floats by us. As we near the landing
of Canton small boats filled with lepers come alongside soliciting alms. They are most pitiful in appearance and, judging from the coins thrown
them, it is the only means of their maintenance.",23.1301964,113.2592945
Canton,Canton,"His family were feeling the effect of their
protracted sojourn here and yearned for a change. The distance from Hongkong to Canton is ninety-five miles by the river. We were somewhat surprised to find the captain of our vessel from
Prairie du Chien, Wis., whose family was still residing there.",23.1301964,113.2592945
Canton,Canton,"It
has now its European concession. Canton is a typical Chinese city, the
contracted streets, not exceeding six feet in width except in spaces
where some official residence or temple is built. It is with great
difficulty we make any headway through these narrow lanes, and are often
compelled to leave our chairs and with our guide pursue our way on foot.",23.1301964,113.2592945
Canton,Canton,"Later
the East India Company took possession and for a century and a half
controlled the foreign trade. The British invaded the city of Canton in
1841 and took possession, but the ransom of six million was made for its
redemption. Again in 1857 the allied forces of British and French
captured it, and for nearly four years it was in the hands of
foreigners, its government being administered by a joint commission.",23.1301964,113.2592945
Canton,Canton,"The place was
rather attractive than otherwise. We lunched upon the walls of Canton in
a deserted building, but old with memories. We visited some shops where
the crepe, for which the manufactory is noted, can be found in almost
all colors, some beautifully embroidered, for moderate prices.",23.1301964,113.2592945
Saigon,Saigon,"On our return to Hongkong (the port from which we sailed) the sight of
the French steamer ""Melbourne,"" which was to bear us on our journey, was
an agreeable vision, although on that line of steamers little is done
for the pleasure of the passengers. We took on at Saigon the Governor of
Siberia, his wife and secretary; also the Siberian Minister to China,
with his wife, with many Russians. The ladies of the party were
handsome, and often regaled us with their beautiful voices.",10.7763897,106.7011391
Saigon,Saigon,"Convoys of storks, plumed golden pheasants, the Coachin China chickens,
cages of monkeys, leopards and bears all amuse and entertain the
traveler. Saigon is a French concession and has at least 100,000
inhabitants. Late in the afternoon the Governor General of Coachin China
boarded the vessel with his son.",10.7763897,106.7011391
Saigon,Saigon,"The dress of the Coachin-Chinamen consists of long, loose
flowing trousers, with a black or white robe falling from the shoulders,
and a red or white turban on their heads. The heat at Saigon in October
was oppressive, and we were advised to keep aboard the vessel till late
in the evening. Our ride to the botanical gardens over smooth roads of
red clay in the jinrikisha, with a bright turbaned coolie, was most
picturesque amid the perfection of tropical growth of plants and trees.",10.7763897,106.7011391
Singapore,Singapore,"This is performed mostly by
women with a weird chant of ""heave ho"" that seems to render the task
less irksome. Singapore was purchased by the British. It is the greatest tin producing
country in the world.",1.357107,103.8194992
Singapore,Singapore,"A smooth sea and fair breeze made the next two days and a half fairly
enjoyable, but the heat was overpowering at times; the nights were spent
by many on deck, where the firmament could be enjoyed, as the Southern
Cross was seen in its great beauty. Singapore, the next stopping place,
afforded us a fine drive in a chariot through the country. These
vehicles seat comfortably four persons, a charioteer, who drove, and an
outrider seated behind.",1.357107,103.8194992
Kandy,Kandy,"If you
decide not to purchase them but to call again, woe be to you if you do
not keep your word, as you are followed and the cry of ""Lady, come back,
you promised!"" becomes a trifle wearisome. To visit Kandy, situated eighteen hundred feet above the sea, in the
mountains of the interior of Ceylon, we take passage on a railroad of
marvelous engineering. To quote a traveler's words may give you some
idea of the beauty of the views obtained: ""As one skirts the flanks of
the mountains and looks down into an enormous gorge, its sides clad with
the most beautiful and varied foliage of flowers and trees, and on the
level bottom lands can be seen cascades, which are formed by the
artificial lakes that overflow the exquisitely delicate green of the
young rice.""",7.2931208,80.6350358
Kandy,Kandy,"The bloom is
at the top of the tree and reminded me of huge bunches of pampas grass. The distance from Colombo to Kandy is seventy-eight miles. Roundabout
this region live the tea planters with their families.",7.2931208,80.6350358
Kandy,Kandy,"Roundabout
this region live the tea planters with their families. Kandy is a
resort, during the summer season, for the inhabitants of the lowlands,
and is built on the shore of a charming little lake, its banks shaded by
the Tamarind and royal palms. The vine-clad bungalows add to its
attractiveness.",7.2931208,80.6350358
Kandy,Kandy,"The palace
was unoccupied and we were permitted to go through its spacious rooms
and halls. The drives all about Kandy are fascinating, and are made more
so by now and then a temple hid almost from sight, but of interest when
visited, while the industrious weaver of straw mats, a yard and a half
in length and a yard wide, meets us along the way, urging us to buy--a
temptation we cannot resist, although we wonder what we shall do with
them when we get them. But adieux must be made to Ceylon, with its spicy
breezes, for the ""Steamer Pekin"" lies at anchor off Colombo which is to
bear us over 1,300 miles to Calcutta, the voyage only broken by a short
stay at Madras, where a brief visit is long enough, for the heat and
dust are oppressive.",7.2931208,80.6350358
Kandy,Kandy,"Each
animal was closely guarded by his keeper, while riders sat astride in
the most gorgeous-colored skirts and turbans. The chief man of the
temple, representative of the old Kandy kings, rivaled Falstaff in his
appearance. He wore a full white skirt, a large white hat, with a white
mantle or cape thrown over his shoulders.",7.2931208,80.6350358
Calcutta,Calcutta,"They expressed hope of a
speedy return for one or many more wild boar or tiger hunts amid the
jungles, where they may add to their already large stock of skins. We
found the best stock of these for sale in Calcutta in a famous house on
the opposite side of the street from the Grand Hotel. It is essential to
select a tiger skin with perfect claws and natural teeth, as too often
artificial ones are used to promote a sale, and to have them perfect in
their curing is most desirable; if not, your trunk in which they are
packed will be well filled with vermin.",22.5726459,88.3638953
Calcutta,Calcutta,"I had
no room mate, much to my joy. This was my ""mascot"" from the time I
boarded the steamer at Vancouver--with but one exception, and that was
on the steamer ""Pekin"" from Columbo to Calcutta where I had a dear old
lady from Australia (Mrs. Champion) share my cabin. We had seventy
first-class passengers.",22.5726459,88.3638953
Calcutta,Calcutta,"Their caste was manifested by certain marks made with
ashes or paint on their foreheads. From the upper deck of our small steamer we overlook the ceremony of
cremation, not unlike that we had seen in Calcutta. The bodies were
wrapped in crimson-colored cheese cloth and laid upon a rude bier
composed of two poles, laced together with rope; so near the water were
these bodies placed that the feet were completely covered.",22.5726459,88.3638953
Calcutta,Calcutta,"A native
will step aside, rather than tread upon an ant, which is the pest of the
country. Benares is sixteen hours' ride from Calcutta, a distance of 450 miles. We find there Clark's Hotel patronized by tourists, on the outskirts of
the city, a refreshing looking spot and most restful bungalow.",22.5726459,88.3638953
Calcutta,Calcutta,"Full dress, now in evidence among the ladies, and gentlemen with their
tall silk hats and boutonierres looked most like English swells, while
those in Oriental dress were not eclipsed in brilliant coloring. The insect life in Calcutta was most annoying. Before going to the
theatre I had left a small flicker from the gas jet in my room and the
windows open.",22.5726459,88.3638953
Calcutta,Calcutta,"The drives all about Kandy are fascinating, and are made more
so by now and then a temple hid almost from sight, but of interest when
visited, while the industrious weaver of straw mats, a yard and a half
in length and a yard wide, meets us along the way, urging us to buy--a
temptation we cannot resist, although we wonder what we shall do with
them when we get them. But adieux must be made to Ceylon, with its spicy
breezes, for the ""Steamer Pekin"" lies at anchor off Colombo which is to
bear us over 1,300 miles to Calcutta, the voyage only broken by a short
stay at Madras, where a brief visit is long enough, for the heat and
dust are oppressive. We see the juggernaut car lying in disuse on the
roadside under a temporary covering of a palm thatched roof.",22.5726459,88.3638953
Calcutta,Calcutta,"In these places where
gems are kept the stock ofttimes seems meager, and we manifest our
disappointment, but are at once assured that their supply is large, but
at the present time the rarest and most costly have been sent to some
Maha Rajah who makes regal purchases, and those he declines, perhaps
from his sufficiency, are returned for sale to those whose love for gems
is weighed in a balance with their purse. An English lady artist who was solicited to paint the portrait of one of
these Rajahs in his own palace, and to abide in the premises during her
time of labor, told me her powers of description failed her in the
attempt to portray to others what the coffers of these rulers of
provinces contained, and with which they adorned themselves on state
occasions, and to convey to canvas their beauties, would have been the
work of the Hand that created them.

Calcutta, city of palaces, has a number of theaters, one of which we
attended. The evening was warm; the audience quite large.",22.5726459,88.3638953
Calcutta,Calcutta,"The banks are
low and sandy. Straw thatched huts, shaded by clusters of date palms,
gave a picturesque appearance to the shores, and the tropical growth
grew richer and more dense as we approached Calcutta. The excitement on
arrival of the steamer is intense; custom house officers present
themselves: all baggage is ordered from the cabins on deck, even to the
smallest hand-bag; search is made for fire arms: strict laws regarding
them are enforced, and if you are unfortunate enough to have one in your
possession, as was one of our party, you are quickly relieved of it, and
only by paying as much as the original price, with much red tape, are
you enabled to regain it.",22.5726459,88.3638953
Calcutta,Calcutta,"We have to provide a winter outfit if it is cold, such as
a night blanket of cotton cloth, and some clothing--for during the
heated term clothing is unnecessary--and pay for the return trip to
their home, without we find travelers going the same route we have just
taken, and if the servants have merited a recommendation we give it to
them and are thus relieved ourselves. We found one of the tricks of the
trade was for the coolie to secure a returning party--we will say, to
make ourselves lucid, from Bombay to Calcutta--but to keep the matter
secret from us so that we might give them a return ticket, which they
could easily sell. In spite of our experience there must be some good
and true natives, for her majesty, Queen Victoria, has for her closest
body-servant the Indian, chosen for his submission and faithfulness.",22.5726459,88.3638953
Calcutta,Calcutta,"The different castes will not intermarry and
will not touch each other's food. Calcutta is a city of 500,000 inhabitants, of these, 14,000 are
Europeans. The streets of the English concession are broad and well laid out.",22.5726459,88.3638953
Calcutta,Calcutta,"It is built upon the
grand esplanade, three miles in length, and skirts the water's edge. From the hours of 5:00 till 8:00 p. m. this grand avenue presents a
lively appearance, for all the elite of Calcutta seems gathered there. Handsome victorias drawn by beautiful horses, coachmen and footmen, with
their bright turbans and oriental dress, lends enchantment to the view
and reminded one of the display Aladdin made when he went to claim his
bride.",22.5726459,88.3638953
Benares,Benares,"In spite of our experience there must be some good
and true natives, for her majesty, Queen Victoria, has for her closest
body-servant the Indian, chosen for his submission and faithfulness. Our journey to Benares was at night, because of the freedom from dust
and heat. The early dawn found us awake and peeping out of shutters for
a sight of the country through which we were passing.",25.3356491,83.0076292
Benares,Benares,"When asked if he did
not feel the cold night air to be injurious, his reply was in his
graceful gesture pointing heavenward, and in his signal language made us
understand that under a watchful eye no harm could befall him. The country from Benares to Lucknow is but little different from what we
have already passed, though the distance is 190 miles. Population,
250,000.",25.3356491,83.0076292
Benares,Benares,"The Sikh is less servile
than any other tribe, hard fighters, but attain to more or less civility
in their contact with Europeans. Our next stopping place to Benares was Aigra, so full of interest;
namely, the Fort; the Pearl Mosque, the imperial palace, built by Abkur,
the grandfather of Shah Jehan; the palace of wonders; its walls inlaid
with agates, topaz, tagula and other more precious stones. The rooms set
apart for the harem women are exquisitely beautiful.",25.3356491,83.0076292
Benares,Benares,"Visions of crocodiles,
awaiting their prey, float before our eyes; lights from the shore grew
indistinct, and our little group most abject; but the landing place at
length was in sight, and we had kept our carriage awaiting our return. We were driven through dark, narrow streets to the garden of a temple,
where lived the holy man of Benares. We remained in our vehicle until
our guide ascertained whether we could have an interview.",25.3356491,83.0076292
Benares,Benares,"The great attraction in making this visit is to see
the hundreds of elephants and tigers he has in his possession, but ""the
shades of night were falling fast"" and we declined any further delay. Our trip to Benares was much more rapid on returning. We floated down
the Ganges by moonlight; it was a grewsome scene.",25.3356491,83.0076292
Benares,Benares,"These devotees
allow their finger nails to become, so extended that they look like
claws, or more like the roots of a tree seen in Ceylon, which lie on top
of the ground. We are privileged to visit the palace of the Maha Rajah,
which is quite a distance from Benares and on the unconsecrated shore of
the Ganges. Numbers of naked coolies run along the shore, pulling with
all their strength on the ropes attached to the boat.",25.3356491,83.0076292
Benares,Benares,"A native
will step aside, rather than tread upon an ant, which is the pest of the
country. Benares is sixteen hours' ride from Calcutta, a distance of 450 miles. We find there Clark's Hotel patronized by tourists, on the outskirts of
the city, a refreshing looking spot and most restful bungalow.",25.3356491,83.0076292
Benares,Benares,"I found her an agreeable woman, but fond of display. I apologized
for my Quaker-like garb, explaining to her why I did not feel at ease in
such a crowd in my quiet silk gown; that I had only a steamer trunk with
me, and while its contents might ordinarily have passed muster, the
piling on top of them--a lot of ""Benares brass""--had crushed what little
stiffness my balloon sleeves had once maintained.",25.3356491,83.0076292
Aigra,Aigra,"The proprietress assured
me that they would soon build a good hotel, as travel demanded it. She
evidently had received a telegram that we were on our way from her son's
place, at whose table we had sat at Aigra. She sent her private
conveyance for us to the depot, and received us herself with some
cordiality, and was much gratified to learn of our pleasant memories of
Aigra, with its tombs, temples, and its exquisite embroideries--the best
we saw in India--woven of the finest texture and wrought upon with such
delicacy that we could scarce realize that the dark, swarthy fingers of
those poor native Indians could work out such marvels.",27.1767,78.0081
Aigra,Aigra,"She
evidently had received a telegram that we were on our way from her son's
place, at whose table we had sat at Aigra. She sent her private
conveyance for us to the depot, and received us herself with some
cordiality, and was much gratified to learn of our pleasant memories of
Aigra, with its tombs, temples, and its exquisite embroideries--the best
we saw in India--woven of the finest texture and wrought upon with such
delicacy that we could scarce realize that the dark, swarthy fingers of
those poor native Indians could work out such marvels. We bought
handsome table decorations in embroidered satin and bemoaned that we did
not get more, after we were too far away to retrace our steps.",27.1767,78.0081
Aigra,Aigra,"The Sikh is less servile
than any other tribe, hard fighters, but attain to more or less civility
in their contact with Europeans. Our next stopping place to Benares was Aigra, so full of interest;
namely, the Fort; the Pearl Mosque, the imperial palace, built by Abkur,
the grandfather of Shah Jehan; the palace of wonders; its walls inlaid
with agates, topaz, tagula and other more precious stones. The rooms set
apart for the harem women are exquisitely beautiful.",27.1767,78.0081
Delhi,Delhi,"He looked out beyond the Jumna, as the western sun's rays
kissed the pure white marble, reflecting on its polished surface--the
reflex it may have been of a heavenly vision, vouchsafed only to those
who pass the portals. Delhi, the next station en route, notwithstanding the dust and heat, has
its attractions. The Bungalow Hotel is kept by an Englishwoman who, with
her sons, had a number of hostelries in India and along the tourist line
of travel.",28.6273928,77.1716954
Delhi,Delhi,"We bought
handsome table decorations in embroidered satin and bemoaned that we did
not get more, after we were too far away to retrace our steps. One of the attractions of Delhi is the tower of Kutah Mina, rising to a
height of 240 feet, divided into five stories, built of red, buff and
pink sandstone. The column, or tower, is of fluted architecture for most
of the height, and decorated at intervals with layers of white marble
slabs.",28.6273928,77.1716954
Delhi,Delhi,"Beautiful pink pearls are shown us. How often I have regretted not
buying some of them; we never found them so perfect after leaving Delhi. The enameled bracelets are shown in great variety, and yet we pass them
by.",28.6273928,77.1716954
Delhi,Delhi,"The enameled bracelets are shown in great variety, and yet we pass them
by. Jeypore is a typical Indian city, twelve hours by rail from Delhi. The
streets are wide and well watered, the houses of stucco, gaudily painted
in hieroglyphic designs, are two and three stories high.",28.6273928,77.1716954
Jeypore,Jeypore,"I could not learn from inquiries made
of my guide.


BOMBAY. The trip from Jeypore to Bombay was the most tedious of any made in
India, as we made no stops. It took us from 10:30 p. m. Monday till 8:30
p. m. on Wednesday.",18.89891745,82.5590760883135
Jeypore,Jeypore,"In their gyrations they would represent snake charmers,
kite-flyers and divers and other mysterious movements that were anything
but graceful. Our visit to Amber, a city of ruins adjacent to Jeypore, was made partly
by carriage and the ascent of the mountain by elephant to the winter
palace of the Rajah. A small ladder was attached to the howdah on the
back of the animal, and one by one we climbed and took our seat, two on
one side and two on the other--back to back.",18.89891745,82.5590760883135
Jeypore,Jeypore,"Pottery,
and especially lacquer work is carried on, we were told, to a greater
degree of perfection than elsewhere in the world. It was at Jeypore we saw the Nautch girls, kept by the Maha Rajah for
his own amusement. Our guide would have us believe that we were greatly
favored in this, our opportunity.",18.89891745,82.5590760883135
Jeypore,Jeypore,"Around these cages, where the
crowds gather, come the poor, wretched, deformed beggars, heart-rending
to gaze upon--to say nothing of the loathsome lepers, which were more
hideous than the wild beasts. A school of fine arts, sustained by the rulers of Jeypore, was well
equipped with men and boys, who were industriously and skillfully
beating and moulding brass into useful and decorative articles. Pottery,
and especially lacquer work is carried on, we were told, to a greater
degree of perfection than elsewhere in the world.",18.89891745,82.5590760883135
Jeypore,Jeypore,"The enameled bracelets are shown in great variety, and yet we pass them
by. Jeypore is a typical Indian city, twelve hours by rail from Delhi. The
streets are wide and well watered, the houses of stucco, gaudily painted
in hieroglyphic designs, are two and three stories high.",18.89891745,82.5590760883135
Jeypore,Jeypore,"Innumerable pigeons, regarded as sacred, swarm in the
streets, where they are fed. We spend Thanksgiving day (November, 1895) in Jeypore, sight-seeing, our
hearts longing for the dear ones at home. In our wanderings we met a
wedding party.",18.89891745,82.5590760883135
Bombay,Bombay,"Before leaving Mr. Donnesthorpe gave me his confidence regarding his
engagement to an English girl he had left at home. The outward-bound
vessels, instead of stopping at Alexandria, steam direct through the
canal to Suez and Bombay, while one vessel homeward bound passes through
this canal every week. Thus, two vessels a week make 104 a year.",18.9733536,72.82810491917377
Bombay,Bombay,"We have to provide a winter outfit if it is cold, such as
a night blanket of cotton cloth, and some clothing--for during the
heated term clothing is unnecessary--and pay for the return trip to
their home, without we find travelers going the same route we have just
taken, and if the servants have merited a recommendation we give it to
them and are thus relieved ourselves. We found one of the tricks of the
trade was for the coolie to secure a returning party--we will say, to
make ourselves lucid, from Bombay to Calcutta--but to keep the matter
secret from us so that we might give them a return ticket, which they
could easily sell. In spite of our experience there must be some good
and true natives, for her majesty, Queen Victoria, has for her closest
body-servant the Indian, chosen for his submission and faithfulness.",18.9733536,72.82810491917377
Bombay,Bombay,"There Mrs. Baxter accompanied me, and I came out quite
renewed, as far as my clothes were concerned. Having a spark of life yet
remaining, and with my usual amount of energy, I was again persuaded to
go to Jerusalem with a party, rather than to remain for the Bombay
steamer that was, I supposed, to bring my friend with whom I had agreed
to return home. When the proposition was made me by Mrs. Logan--I will
confess, even to my grandsons, to a little irreverence--the very thought
of more temples to see and more tombs to encounter, was a trifle too
much for my endurance, and I simply said ""No!",18.9733536,72.82810491917377
Bombay,Bombay,"A forest of minarets and white walls and we have
arrived amid deafening cries of the cabmen and the running omnibuses for
the different hotels. My brown ""Cheap Jack"" purchased in Bombay to
carry a steamer rug which I had bought there again proved a white
elephant, but after many gestures it is transferred by a porter to
Shephard's Hotel. Crowds stand waiting for rooms to be allotted them,
and as good luck has so far followed me both on steamers and at hotels,
I find myself in a brief time nicely ensconced in a sunny room.",18.9733536,72.82810491917377
Bombay,Bombay,"Tickets were secured by those who had not yet
bought. I had, in purchasing mine at Bombay, bought through to
Marseilles; luggage was brought forward, big bags, little bags and my
""Cheap Jack"" was much in evidence. Lunch baskets were prepared by the
hotel for the journey to Ismalia that resembled great wooden bird cages.",18.9733536,72.82810491917377
Bombay,Bombay,"I
wondered if their religion taught them that this is emblematic of the
blood that cleanseth from all sin. I could not learn from inquiries made
of my guide.


BOMBAY. The trip from Jeypore to Bombay was the most tedious of any made in
India, as we made no stops.",18.9733536,72.82810491917377
Bombay,Bombay,"We have enjoyed Bombay, with its beautiful carved woods; its
ivories, and lovely sandal wood boxes; its teak furniture; its markets,
where everything from a shoe string to a monkey or parrot can be bought;
its bazaars, where one must have a level head to survive the noise of
bartering, to say nothing or but little of the jugglers who swarm
beneath the veranda of the hotel, performing most marvelous feats with
their cobras and swords for the few piasters that are thrown from an
admiring and amazed crowd of travelers. We must not fail to speak of
pleasant acquaintances made; of Sir Richard and Lady Campbell, who will
be our companions en voyage when we leave this port of Bombay until we
shall say good bye to them, and Mr. and Miss ----, of England, of whom
I have before written. We ship all trunks, save our steamer, to Albert
Docks, London, where we hope to reclaim them before re-embarking for
home.",18.9733536,72.82810491917377
Bombay,Bombay,"All is bustle and confusion at the Oriental
Hotel. We have enjoyed Bombay, with its beautiful carved woods; its
ivories, and lovely sandal wood boxes; its teak furniture; its markets,
where everything from a shoe string to a monkey or parrot can be bought;
its bazaars, where one must have a level head to survive the noise of
bartering, to say nothing or but little of the jugglers who swarm
beneath the veranda of the hotel, performing most marvelous feats with
their cobras and swords for the few piasters that are thrown from an
admiring and amazed crowd of travelers. We must not fail to speak of
pleasant acquaintances made; of Sir Richard and Lady Campbell, who will
be our companions en voyage when we leave this port of Bombay until we
shall say good bye to them, and Mr. and Miss ----, of England, of whom
I have before written.",18.9733536,72.82810491917377
Bombay,Bombay,"We are invited to the home of Mr. Tata, a Parsee gentleman. His family
ranks high in wealth and position in Bombay. My brother had, on one
occasion, traveled with him up the Nile.",18.9733536,72.82810491917377
Bombay,Bombay,"The Parsees worship one supreme God,
and revere the sun and fire only as manifestations of the Deity, and
never fail to show their adoration when the sun is declining below the
horizon, by stretching forth their hands and bowing to its expiring
rays, thus acknowledging the teachings of Zoroaster, their leader. Bombay has a mixed population. Besides the native Indians are Persians,
Arabians, Abyssinians, Syrians, Turks, Greeks and people from the Island
of Madagascar, and--last and much in evidence--the English.",18.9733536,72.82810491917377
Bombay,Bombay,"The meals obtained at the
stations were most unattractive. Bombay is built upon an island, although the separation from the
mainland is scarcely perceptible. The waters of the bay are studded with
islands, and the harbor is capacious enough for the commerce of the
world.",18.9733536,72.82810491917377
Bombay,Bombay,"I could not learn from inquiries made
of my guide.


BOMBAY. The trip from Jeypore to Bombay was the most tedious of any made in
India, as we made no stops. It took us from 10:30 p. m. Monday till 8:30
p. m. on Wednesday.",18.9733536,72.82810491917377
Aden,Aden,"In one hand she
held a wand, in the other a fan. Each child received individual
instruction, the scholar standing bare-footed, with her eyes fixed upon
the instructor; in her hand an oiled paper parasol, which when swaying
her body to and fro she handled most gracefully, while the only music
was the old woman's voice in mournful cadence, by the rhythm of which
her fan seemed in sympathy. With the wand she would strike her fan when
she wished an emphatic stamping of feet.",12.789585,45.028504
Aden,Aden,"A smooth sea and a
fresh-laundried shirt waist were most refreshing on that warm, but
lovely sail. We landed at Aden, a British port and important coaling
station, at 11:00 a. m., December 17 (Wednesday), where we lay three
hours. From Aden is exported Mocha coffee.",12.789585,45.028504
Aden,Aden,"We landed at Aden, a British port and important coaling
station, at 11:00 a. m., December 17 (Wednesday), where we lay three
hours. From Aden is exported Mocha coffee. Where it grows I cannot
imagine, for the port is to all appearances, the most rocky, barren
shore we have yet seen--desolation of desolation.",12.789585,45.028504
Aden,Aden,"After many uncomplimentary
remarks, I was compelled to acknowledge that it belonged to me and was
bought in the Orient among other articles of ""virtu."" But to return to
Aden. We were struck with the weird looks of the natives, with nothing
to conceal their nakedness but the sacred cord around their loins.",12.789585,45.028504
Aden,Aden,"Buddha was most conspicuous on
the altar of the temple, carved woods and ivories surrounding the image,
where later a dance was performed; but we were too unholy to be
permitted to remain and witness it. A description of the Paradeniza
gardens would be like attempting to picture to one's imagination the
Garden of Eden. The two hundred and fifty varieties of palms, the
bamboo, one hundred feet high and growing in clumps one hundred and
fifty feet in circumference, give some idea of the tropical growth.",12.789585,45.028504
Aden,Aden,"Water-sellers, with filled goatskins on their shoulders, leather aprons
to their knees, striking their copper goblets one against the other,
richly caparisoned mules, bearing venerable Mohammedan priests, whose
gowns are kissed as they go by--all these and more join this medley in
human or animal form. Traffic is suddenly stopped by a long string of
camels coming, laden with thick pieces of timber, rugged stones or
enormous bales of merchandise. They walk silently in the dust with long
strides, waving to and fro, exhaling an insupportable odor.",12.789585,45.028504
Ismalia,Ismalia,"All his attendants are paid wages. He is said to
rise at 4:00 or 5:00 a. m., eats no breakfast, exercises two hours, and
between seven and eight o'clock drives in state to Abdin Palace, which
is about a half mile from Ismalia, his home. Abdin is the usual place
for receptions and ceremonial visits.",30.5965,32.2715
Ismalia,Ismalia,"The population of Cairo in 1895 was about 350,000. The Khedive lives
with his wife and family at the Palace of Ismalia, near the Nile bridge. He is a strict monogamist, loyal in his married life and detests slavery
as much as polygamy.",30.5965,32.2715
Ismalia,Ismalia,"""

De Lesseps, long calumniated, individually persevered against
disadvantages in the undertaking, until finally (November 17, 1869) he
exhibits with worthy pride his mighty achievement to the civilized
globe, represented by crowned heads and dignitaries of all countries,
monarchial and republican. During our stay of twenty-four hours, or even less time, in Ismalia, we
visited the home De Lesseps occupied during his sojourn here. It was
within an enclosure where beautiful trees overshadowed the house and it
looked lonely and forsaken.",30.5965,32.2715
Ismalia,Ismalia,"Ismalia, the center
part of the Suez canal, is on Lake Tismah; it was filled with water from
the Mediterranean, November, 1862, through the canal the average depth
was nineteen feet. Ismalia stands at the confluence of three canals;
the Maritime, Sweet Water from Suez to Ismalia, and the canal from
Zazazed to Ismalia, which runs through Ancient Goshen, in whose confines
dwelt the children of Israel 400 years. ""The harbor of Suez roadbeds was found to afford anchorage for 500
ships, its depth being from sixteen to twenty-four feet, bottomed with
soft mud.",30.5965,32.2715
Ismalia,Ismalia,"I had, in purchasing mine at Bombay, bought through to
Marseilles; luggage was brought forward, big bags, little bags and my
""Cheap Jack"" was much in evidence. Lunch baskets were prepared by the
hotel for the journey to Ismalia that resembled great wooden bird cages. Among those friends we left behind were those destined for the Nile trip
and a few habitues of Cairo, not easily frightened.",30.5965,32.2715
Ismalia,Ismalia,"The desert's glistening sands were on
one side of us, the sparkling waters of Lake Tesmah in the Suez Canal
on the other. There was a bird with a lone, peculiar cry that added
loneliness to the scene, and when the morning light dawned upon us we
were still in Ismalia. A most inhospitable breakfast was served us, and
at nine o'clock came the welcome cry: ""Ship ahoy!""",30.5965,32.2715
Ismalia,Ismalia,"Charges agreed upon for transit
are ten francs, or two dollars, per ton; hence, our steamer ""Caledonia""
paid for her weight of 4,125 tons, $825. The Indian steamers, instead of
stopping at Suez, steam directly to Port Said, anchoring off Ismalia
only long enough for passengers to land. We reached this point at 12:00
p. m. Before arriving a late supper was ordered by a few to celebrate
the leave-taking, for many who had traveled together so far were to
continue their journey to Marseilles and from thence to England, and
others with us were to go into Egypt.",30.5965,32.2715
Ismalia,Ismalia,"That basin is converted into a
central harbor, where vessels may at all times find a safe and
convenient anchorage. From El Guise, through which the canal passes to
the Mediterranean, the width is 240 feet, and from El Guise to Ismalia
it is 180 feet, after which it passes into the proper width, 240 feet. The estimate of keeping the canal in order, from its completion in 1869
to 1895, is about 75,000 sterling.",30.5965,32.2715
Ismalia,Ismalia,"I hope this benighted race
may yet be brought from darkness into light and that one common
brotherhood may be established, and love divine shine over all.




EGYPT. The Arabian sea is to me a reminder of tranquility; the thought of no
more temples to see, no more heights to climb, no poor, wretched beings,
whose only existence is prolonged agony to behold, for at least from the
hour of sailing, 12 a. m., on Saturday, 14th of December, 1895, until we
reach Ismalia, Saturday, December 21, at 12:30 p. m., what blissful
anticipation, and so fully realized on this quiet trip. A snug, cool
cabin all to myself, which opened into a private hallway with a great
open hatchway, or open half-door, gave me the delicious sea air in its
fulness of life and vigor without the necessity of my going on deck.",30.5965,32.2715
Ismalia,Ismalia,"A snug, cool
cabin all to myself, which opened into a private hallway with a great
open hatchway, or open half-door, gave me the delicious sea air in its
fulness of life and vigor without the necessity of my going on deck. Our
steamer chairs bought at Hongkong were shipped through from Ismalia on
the same vessel we were sailing to Albert Docks, London, where I found
mine in good condition. I could recline in this private hall, book in
hand, and cull from its valuable contents, information of the objects I
had seen, and what was still in store for me--all the Oriental steamers
have well-chosen libraries for the benefit of travelers.",30.5965,32.2715
Ismalia,Ismalia,"Light houses were erected at Bitter Lake,
and electric lights of great power at Port Said. Ismalia, the center
part of the Suez canal, is on Lake Tismah; it was filled with water from
the Mediterranean, November, 1862, through the canal the average depth
was nineteen feet. Ismalia stands at the confluence of three canals;
the Maritime, Sweet Water from Suez to Ismalia, and the canal from
Zazazed to Ismalia, which runs through Ancient Goshen, in whose confines
dwelt the children of Israel 400 years.",30.5965,32.2715
Ismalia,Ismalia,"We were shocked by the innovation of
the British army officers, with their red coats, and swords dangling at
their side, which were permissible in this Oriental city, but when their
spurs were worn, to the detriment of the gauzy draperies of ladies
participating in the dance, it was a breach we could not overlook.




FROM EGYPT TO FRANCE And now we are in Ismalia, our sailing port. Two steamers are
momentarily expected; one bound for Brindisi, the other for Marseilles.",30.5965,32.2715
Cairo,Cairo,"Not if I expected to meet
my Lord!"" for to tell you the truth, I expected and felt He would come
and meet me if rest was not soon obtained. But after a week's sojourn in
Cairo I agreed to join the party and go over to Jerusalem and Damascus
for a brief stay of ten days. Plans were made with T. Cook & Sons for
dragomen and provisions, when all were frustrated by quarantine being
declared.",30.0444,31.2357
Cairo,Cairo,"I was over-persuaded to go up the
Nile, a trip I most reluctantly made. As I felt the depression of the
Egyptian atmosphere, added to my depressed condition from the medicine
taken (prescribed by a missionary doctor on board the steamer ""Pekin"")
throughout my Indian journey that I was unfit to travel any longer--and
I had no desire to die so far from home--the pressure against my own
judgment outweighed in the balance, and I left Cairo on the steamer
""Ramises III"" at 9:15 o'clock a. m. December 31st, 1895. The room
assigned to me by Thomas Cook & Co. was No. 63, on the upper deck.",30.0444,31.2357
Cairo,Cairo,"There are no new cities built of any magnitude; the new would only
depopulate the old. From Memphis, reduced to a state of quarry, is built
Alexandria; from Heliopolis we have Cairo. In passing the limestone
cliffs we experience cold and wind; the mummied crocodile pits we pass,
and stop at Aizril.",30.0444,31.2357
Cairo,Cairo,"With homesick eyes,
those of our country followed us, and as a parting gift gave us lovely
bouquets of flowers. I must, before leaving Cairo, give an account of a large ball given in
honor of those who had been up the Nile, and those who were awaiting a
departure thence. It was given by the proprietors of Shepheards.",30.0444,31.2357
Cairo,Cairo,"Perhaps it is, but I
failed to appreciate it. At 4:00 p. m., the 19th of January, we landed in Cairo, a tired but a
wiser crowd, and we are not yet through the wilderness. O, for a Moses!",30.0444,31.2357
Cairo,Cairo,"One is not apt to forget an ""oasis in the
desert."" Having decided to remain in Cairo for at least two weeks, in
anticipation of meeting a friend who had followed in my wake ""around the
world,"" I decided to have some repairs made in my wardrobe, such as old
buttons taken off, new ones in their place; new veils, new gloves, etc. All this was done at a little shop near by, kept by an English woman
named Cole.",30.0444,31.2357
Cairo,Cairo,"Lunch baskets were prepared by the
hotel for the journey to Ismalia that resembled great wooden bird cages. Among those friends we left behind were those destined for the Nile trip
and a few habitues of Cairo, not easily frightened. With homesick eyes,
those of our country followed us, and as a parting gift gave us lovely
bouquets of flowers.",30.0444,31.2357
Cairo,Cairo,"We overlook the port of old Cairo to see all we
have described, besides dahabehis from Nubia and Soudan with goods and
passengers. The ferry passing between Bedrashen and old Cairo is full to
overflowing. Men, women, Bedouin negroes, asses, camels overburdened
with merchandise, cages of fowls, and fruit in kouffas; people
gesticulating and grumbling in an inconceivable manner--all this
confusion we pass through to reach our hotel to dream of our journey to
the pyramids the following day.",30.0444,31.2357
Cairo,Cairo,"They
were from the state of Maine, and we had mutual friends. They were glad
to see me again, and were feeling most depressed in their isolation, but
were buoyant with the hope that the husband and father would soon be
able to be taken back to Cairo. They had been able to secure a trained
nurse, and a good physician.",30.0444,31.2357
Cairo,Cairo,"Tuesdays and Sundays the gay world is met
on this thoroughfare. We overlook the port of old Cairo to see all we
have described, besides dahabehis from Nubia and Soudan with goods and
passengers. The ferry passing between Bedrashen and old Cairo is full to
overflowing.",30.0444,31.2357
Cairo,Cairo,"Among them were Mrs. John A. Logan, Dr. B., of
Brooklyn, Miss Paul, Miss Koon and Miss Dousman, Mr. and Mrs. George
Hale and his sister, Mrs. Mathews, Conan Doyle, wife and sister, and
from England we had the knighted organist of Westminster Abbey and Lady
Campbell and daughter, while others I could mention to whom I became
attached were Mrs. Allis and daughter, of Milwaukee, and Mrs. Wilbur and
daughter, from Flatbush, Long Island. I must not fail to speak of Mr.
Osterburg, the Swedish consul in Cairo, who made himself most agreeable. Our dragomen were Richard and Claudius, the former a Syrian, the latter
I saw less of, but some of the passengers, who became interested in him,
visited in person his little wife, about fourteen years old, who had a
mud hut in the vicinity of one of the stopping places on the Nile.",30.0444,31.2357
Cairo,Cairo,"The tombs of the Caliphs we overlook from the citadel, where we listen
to the guide who relates the daring feats of the Mamelukes. To see the
sun set from this point is one of the pleasures that Cairo affords. Here
is a fortress, where Ramises II detained his Assyrian captives, when the
Roman legion under Caesar held Egypt.",30.0444,31.2357
Cairo,Cairo,"From the North come rice, maize and Syrian
tobacco; draperies from Aleppo, Smyrna and Damascus; dried grapes from
the mountains of Karamania; soap from the isles of the Archipelagos, and
in the midst of all this enterprise, donkey boys yell, and camels make
their unearthly cry, while I, who am mounted on a donkey, scarcely look
to the right or left, lest I go over ""Abraham Lincoln's"" head. We have left the museum and are on the road leading to Cairo, the Champs
Elysee of this capital city. Tuesdays and Sundays the gay world is met
on this thoroughfare.",30.0444,31.2357
Cairo,Cairo,"Cairo is built from the ruins of Heliopolis and Memphis. To return to Cairo by the Kooha road is to meet at 5:00 p. m. the
Khedive and suite on their return from Abdin palace. It is said the
Khedive is never seen to smile; we can testify that he did not smile on
us, although we rode parallel with him that day.",30.0444,31.2357
Cairo,Cairo,"An opera
house, theatre and circus were constructed in Cairo; gas was introduced
into the city of the Mameluke Caliphs; Ezhekiah plaza was renovated in a
manner that ten years before would have been thought impossible; the
streets were laid out and flanked by granite and freestone curbing, and
sidewalks laid with massive flagstone; railway stations renovated and
the streets leading to it improved, so that on first introduction a
stranger would be favorably impressed. The viceroy's palaces were
repainted and every hotel in Cairo was engaged for the guests of the
Khedive, to feed them and lodge them at 48 shillings per day per capita;
all carriages and cabs free and at their disposal, the cost of
entertainment was $2,000,000. Light houses were erected at Bitter Lake,
and electric lights of great power at Port Said.",30.0444,31.2357
Cairo,Cairo,"Throughout the land morgues are crumbling to
ruins, the Arab seemingly powerless to repair them, or to build new
ones. Cairo is built from the ruins of Heliopolis and Memphis. To return to Cairo by the Kooha road is to meet at 5:00 p. m. the
Khedive and suite on their return from Abdin palace.",30.0444,31.2357
Cairo,Cairo,"The canal
was built by the French, but the English bought most of the stock and
have control of it, although it runs through Egyptian territory. From
the inhospitable Hotel Victoria we rode on a tramway to the depot, where
rather a poor train of cars awaited us, conveying us for miles through
the desert sands, suddenly merging into plains and reaching Cairo at
6:00 p. m., the 22nd of December. Little by little the plain becomes
less green as we approach the Egyptian capital; the valley contracted
and the pyramids appear roseate beneath the rays of the setting sun.",30.0444,31.2357
Cairo,Cairo,"I was glad to meet him, as
our close proximity at the table on the steamers promoted a good feeling
between us. Cairo is a winter resort for English, Arabians, Swedes and
in fact the climate attracts from all over the world. The ladies who are
there for the season make as great a display of fine clothes as we see
in our own drawing rooms at home; in fact, the display of jewels is
regal.",30.0444,31.2357
Cairo,Cairo,"He was in the employ of the Japanese
government. We afterward met him at Cairo. Two days out from Hongkong
(Oct. 19, 1895) we skirted the Island of Hainan, which is separated from
the mainland of China by the Gulf of Tonquin, and passing the Empire of
Anan we enter the St. James River, eight degrees north of the
equator--Far.",30.0444,31.2357
Cairo,Cairo,"They walk slowly, gazing frankly, while the
copper bangles clank gently on their delicately moulded ankles. The population of Cairo in 1895 was about 350,000. The Khedive lives
with his wife and family at the Palace of Ismalia, near the Nile bridge.",30.0444,31.2357
Cairo,Cairo,"The opening celebration of the canal by the viceroy was regal. An opera
house, theatre and circus were constructed in Cairo; gas was introduced
into the city of the Mameluke Caliphs; Ezhekiah plaza was renovated in a
manner that ten years before would have been thought impossible; the
streets were laid out and flanked by granite and freestone curbing, and
sidewalks laid with massive flagstone; railway stations renovated and
the streets leading to it improved, so that on first introduction a
stranger would be favorably impressed. The viceroy's palaces were
repainted and every hotel in Cairo was engaged for the guests of the
Khedive, to feed them and lodge them at 48 shillings per day per capita;
all carriages and cabs free and at their disposal, the cost of
entertainment was $2,000,000.",30.0444,31.2357
Luxor,Luxor,"They had been able to secure a trained
nurse, and a good physician. I think Luxor is a military post. Many of
the passengers improved the shining hours in revisiting the bazaars and
by moonlight the gay, light-hearted and free among our young folks went
again to see the ruins of Karnak.",25.702096,32.647186
Luxor,Luxor,"We stopped again at Luxor. There I had time, before
the night shades gathered around us, to call at the hotel Luxor, where a
gentleman with an attack of malarial fever had been transferred on our
upward trip. His wife and daughter I had become much interested in.",25.702096,32.647186
Luxor,Luxor,"When a half-hour's ride was suggested, the next day,
to the temple of ""Rameses the Great"" and tomb known as ""35,"" I did not
remain on deck, but on the contrary wandered through the Judgment Hall
of Osiris, and through the temple of Medinah Kaboo; also inspected a
small temple of ""Thotmas III,"" passing the ""Colons"" on our way to the
small boats, to which we were carried through the water in the arms of
natives. We lay at Luxor three days, leaving at 11:00 a. m. the fourth
morning after our arrival. We stopped at Esneh, where another temple was
on exhibition, and proceeded to Edfoo, where we tied up for the night.",25.702096,32.647186
Luxor,Luxor,"The ruins are most imposing, excavations
were still being made. The Nile's inundations are fast making inroads,
undermining the foundations, especially at Luxor, which temple is
located so near the bank. We linger and gaze on the stupendous work,
even in its crumbling, tottering condition it is one of the wonders of
the age.",25.702096,32.647186
Luxor,Luxor,"I denied
myself much, but I was unable to cope with both to any great extent, but
I shall long recall with pleasure the few hours I gave myself in this
delightful recreation. Our arrival at Luxor by sunset was well timed. The beautiful rays of the
departing god seemed to throw over all the surroundings a halo.",25.702096,32.647186
Luxor,Luxor,"We were no
longer strangers. We stopped again at Luxor. There I had time, before
the night shades gathered around us, to call at the hotel Luxor, where a
gentleman with an attack of malarial fever had been transferred on our
upward trip.",25.702096,32.647186
Brindisi,Brindisi,"We did not go ashore, but got our steamer chairs in readiness for the
next day, as we were told we would have a choppy sea, and we fully
realized the truth of the prophecy. Our cabins proved the safe retreat,
and there I remained until we reached Brindisi, at 6:00 a. m., February
the 5th. At 5:30 we were called on deck by a visit from the health
officers, as our vessel hailed from an infected district.",40.63591975,17.688443357842537
Brindisi,Brindisi,"Plans were made with T. Cook & Sons for
dragomen and provisions, when all were frustrated by quarantine being
declared. Our only escape from Egypt was to be made by Brindisi and
Marseilles. All ports of the Turkish dominion were shut off from us on
account of several cases of cholera which had broken out in Alexandria.",40.63591975,17.688443357842537
Brindisi,Brindisi,"And now we are in Ismalia, our sailing port. Two steamers are
momentarily expected; one bound for Brindisi, the other for Marseilles. The poor hotel accommodations were emphasized when this avalanche of
people came down upon them.",40.63591975,17.688443357842537
Marseilles,Marseilles,"At 5:30 we were called on deck by a visit from the health
officers, as our vessel hailed from an infected district. All bore the
inspection and we soon set sail again and landed in Marseilles the 7th
of February. My baggage was soon O. K.'d, and a cab took me with my
luggage to the hotel.",43.3026,5.3691
Marseilles,Marseilles,"Later in the day I took a drive through the city,
and was much impressed with the growth since a former visit in 1881. Off
the coast of Marseilles is built the famous prison Chateau d'If,
immortalized by the author of Monte Cristo, a fine view of which is seen
from the church of Notre Dame, built on a high rock on the outskirts of
the city. The train for Paris leaves at 9:00 p. m., and after a fair
night's rest, I am in the French custom house, where I have no trouble.",43.3026,5.3691
Marseilles,Marseilles,"And now we are in Ismalia, our sailing port. Two steamers are
momentarily expected; one bound for Brindisi, the other for Marseilles. The poor hotel accommodations were emphasized when this avalanche of
people came down upon them.",43.3026,5.3691
Marseilles,Marseilles,"Tickets were secured by those who had not yet
bought. I had, in purchasing mine at Bombay, bought through to
Marseilles; luggage was brought forward, big bags, little bags and my
""Cheap Jack"" was much in evidence. Lunch baskets were prepared by the
hotel for the journey to Ismalia that resembled great wooden bird cages.",43.3026,5.3691
Marseilles,Marseilles,"Plans were made with T. Cook & Sons for
dragomen and provisions, when all were frustrated by quarantine being
declared. Our only escape from Egypt was to be made by Brindisi and
Marseilles. All ports of the Turkish dominion were shut off from us on
account of several cases of cholera which had broken out in Alexandria.",43.3026,5.3691
Marseilles,Marseilles,"The Indian steamers, instead of
stopping at Suez, steam directly to Port Said, anchoring off Ismalia
only long enough for passengers to land. We reached this point at 12:00
p. m. Before arriving a late supper was ordered by a few to celebrate
the leave-taking, for many who had traveled together so far were to
continue their journey to Marseilles and from thence to England, and
others with us were to go into Egypt. We here bade good-bye to Mr. and
Miss Donnesthorpe, who had been with us en route from Nagasaki, Japan.",43.3026,5.3691
Paris,Paris,"We were struck with the weird looks of the natives, with nothing
to conceal their nakedness but the sacred cord around their loins. Their
hair was red; their skin black; the ""Witches of Endor"" would have paled
in comparison. The water seemed to be their native element; they would
dive down and under the vessel, appearing on the opposite side for a
piaster, which, when thrown from the deck of the vessel into the water,
they would bring to the surface in their mouths.",48.8534951,2.3483915
Paris,Paris,"Our trip across the Atlantic is not what
we hoped for, and a choppy sea with an occasional swell made us feel
uncomfortable. I had the pleasure in Paris of making the acquaintance of
a gentleman, wife and young lady daughter, who invited me to return to
America in their company, and seldom, if ever, has it been my lot to
have my lines cast among more delightful people than they and, although
our homes are far apart, my heart often goes out to them. When our own home port is sighted and the sensation the appearance of a
custom-house officer always creates is over, and the welcome ""O. K."" is
visible on our luggage, we feel like taking off our chapeau to ""Liberty
Enlightening the World.",48.8534951,2.3483915
Paris,Paris,"The street scenes of Paris are most
entertaining, but to enjoy it in its perfection, go when you are young,
before your muscles grow stiff and your eyes dim, for the ""run for your
life"" requires agility and good vision. HOMEWARD BOUND


We now bid ""au revoir"" to Paris, and cross the English channel, from
Calais to Dover, without any great inconvenience. And mighty Neptune did
not call on us for many returns of the day.",48.8534951,2.3483915
Paris,Paris,"We see the Arc de Triomphe du Carousal, built in 1806, by Fontaine, for
Napoleon I. The car and horses are a reproduction of the famous group on
St. Marks at Venice, which Napoleon captured, but were afterwards
restored by the allies. The street scenes of Paris are most
entertaining, but to enjoy it in its perfection, go when you are young,
before your muscles grow stiff and your eyes dim, for the ""run for your
life"" requires agility and good vision. HOMEWARD BOUND


We now bid ""au revoir"" to Paris, and cross the English channel, from
Calais to Dover, without any great inconvenience.",48.8534951,2.3483915
Paris,Paris,"The walks in the Garden
of the Luxembourg are the best types of ancient palace pleasance. They
are considered the pleasantest spots in Paris. The character of the
Louvre has changed from a fortress or a state prison (1367) to a picture
gallery.",48.8534951,2.3483915
Paris,Paris,"In the same
vicinity is the ""Palais d'Industrie,"" which was used in 1852-55 for the
great exposition, and will be utilized again in 1900 for another fair. The shops of Paris are small; the windows seemingly contain most of the
stock. We must except those great magazines, the ""Louvre"" and the ""Bon
Marche.",48.8534951,2.3483915
Paris,Paris,"It is considered too narrow for its
height, and the insignificant ornaments along the top of the structure
destroy all grandeur of outline. You will find ""Hare's Walks"" your best
guide book for Paris and its surroundings. A year and a half's
researches are herein condensed.",48.8534951,2.3483915
Paris,Paris,"A hasty toilet and refreshments
taken, gave me fresh strength, and I soon found my way to Brown &
Shipley, bankers, where I found eight letters from home. I took up one,
the latest date; found from its contents ""all were well,"" and I retraced
my steps to my own apartment, where I spent a most blessed day, reading
and writing letters.

Paris, as it is to-day (1896) strikes a visitor as one of the most
cleanly, most attractive cities in the world with its triumphal arches,
which Napoleon had erected in commemoration of his victories, one of
which, ""The Arc de Triomphe,"" was begun in 1806, although the work was
not completed till 1836, long after the founder and architect had passed
away. This arch is the largest in the world.",48.8534951,2.3483915
Paris,Paris,"This was
carried out and accomplished in 1857. ""

During my visits to Paris (1881 and 1896) the repairs to the central
facade of the Tuilleries had not been made. This unmeaning, desolate
space presents to the mind the ruthless hand of war in the conflict of
man's ambition for supremacy.",48.8534951,2.3483915
Paris,Paris,"These are made of bamboo, and, when
properly handled, give out a noise peculiar to those people. Water-sellers, with filled goatskins on their shoulders, leather aprons
to their knees, striking their copper goblets one against the other,
richly caparisoned mules, bearing venerable Mohammedan priests, whose
gowns are kissed as they go by--all these and more join this medley in
human or animal form. Traffic is suddenly stopped by a long string of
camels coming, laden with thick pieces of timber, rugged stones or
enormous bales of merchandise.",48.8534951,2.3483915
Paris,Paris,"We needed no farther explanation, but held at
a safe distance the coveted articles and rushed to my cabin, while Mrs.
Dudley sent to the head steward for a package of cayenne pepper, which
had been my suggestion. After a fierce struggle, we succeeded in
thoroughly sprinkling the feathery lengths, and then purloined a steamer
towel, sewing them up until we should reach Paris, where we determined
to have them steamed and curled, providing there was anything to curl. On my arrival in that city of fashion, I immediately sought a Tapissier
or cleaner, and besought them not to sue me for damages, if they should,
on opening the package, sneeze themselves to death.",48.8534951,2.3483915
Paris,Paris,"He was a paralytic--the stroke was superinduced by a
sunstroke in China, where he had labored heroically in a translation of
the Bible into the Chinese language. He was taken to Paris where, under
Charcot's care, he recovered sufficiently to return to Cambridge, Mass.,
where his work was completed ready for publication. This he desired to
have done in Shanghai.",48.8534951,2.3483915
Paris,Paris,"Off
the coast of Marseilles is built the famous prison Chateau d'If,
immortalized by the author of Monte Cristo, a fine view of which is seen
from the church of Notre Dame, built on a high rock on the outskirts of
the city. The train for Paris leaves at 9:00 p. m., and after a fair
night's rest, I am in the French custom house, where I have no trouble. A cab is secured for me and I land safely in time for coffee and rolls
at Madame Therries, where I am expected.",48.8534951,2.3483915
London,London,"We heard in his own pulpit Dr.
Parker and, more than that, his wife, now deceased, stood on the left of
the pulpit. Before the sermon by her husband, she appealed to the women
of London, as well as the women of every nation, to spare the birds, and
repeated several verses of her own composition in their behalf. We fully intended to visit the cathedral towns of England, but sickness
of one of our party, deprived us of that privilege, and after a lot of
shopping, and more sight-seeing, we spent one day at Windsor, and saw
the Eton College grounds.",51.5074456,-0.1277653
London,London,"The national and royal academies claim many hours, and to
visit the churches and cathedrals one makes haste. We were in London on Easter Sunday. We heard in his own pulpit Dr.
Parker and, more than that, his wife, now deceased, stood on the left of
the pulpit.",51.5074456,-0.1277653
London,London,"The average appearance of
the English woman does not compare with dainty, well-gowned French
woman, but neither English nor French rival the American woman, when she
starts out to please. No one visits London for the first time without
seeing the tower, with its grewsome walls and its regal splendor of the
crown jewels. The national and royal academies claim many hours, and to
visit the churches and cathedrals one makes haste.",51.5074456,-0.1277653
London,London,"By ten
o'clock all was over, and a very orderly crowd dispersed, we will hope,
to their homes. The theaters in London are well patronized. I saw among
other plays the ""Prisoner of Zenda,"" and realized fully that to wear the
court train, and handle it, and yourself gracefully must be to wear it
often.",51.5074456,-0.1277653
London,London,"Suffice to say that motherly face drew the attention of all,
and the appeals she made to men and women present drew many a tear from
the female portion, and to suppress an emotion, an apologetic cough
issued from rough exteriors. We retraced our steps to London and there
our carriages awaited us. We were driven to the ""Seven Dials,"" and worse
places, if possible, where we were subjected to jeers and penetrating
glances into our carriage by the passers-by.",51.5074456,-0.1277653
London,London,"Two carriages were provided
for the party, and each held besides four occupants, a seat either for
Mr. Burr or his son, with the respective coachmen. We drove to the
station and then took the steam cars to ""Wandsworth,"" a short distance
from London. On disembarking we walked to one of the public resorts
known as a ""Coffee House,"" where light refreshments, with tea, coffee
and chocolate are offered at a trifling price; also a bottled drink
labelled Ozone, which had no intoxicating influence.",51.5074456,-0.1277653
London,London,"Mrs.
Mary Livermore, of Massachusetts, was in this category. She had been
sent over by her state or the city of Boston, to investigate the ""Coffee
Houses"" of London, and Mr. Burr was known as a philanthropist in that
city. Preparations were made to see London by gas light, and I was among
the few invited to go with Mrs. Livermore.",51.5074456,-0.1277653
London,London,"However, we felt ourselves most favored at this extraordinary
opportunity of witnessing the gentle manners, and hearing the musical
intonation of voice that marks good birth. On Sunday afternoon we went in search, in the east end of London, for
the ""Palace of Delight,"" and its surroundings. We took the tramway and
inquired of a demure, missionary-looking lady, the way to the most
degraded quarters.",51.5074456,-0.1277653
London,London,"While wandering in the vicinity of Albert Hall, we were
attracted by crowds of people gathering roundabout its doors. On inquiry
we learned a bazaar was in progress therein for the benefit of some
London hospital. By paying the admittance fee of one pound each ($5.00)
we could enter, where we could see royalty, each person of note in his
or her booth with the name attached.",51.5074456,-0.1277653
London,London,"And mighty Neptune did
not call on us for many returns of the day. We proceed from Charing
Cross station to the hotel of the same name, where we remain until we
obtain more pleasant surroundings in the west end of London. Daily
excursions, always on top of omnibuses, when there were seats for us,
run to the Picadilly, Pall Mall, down Regent and Oxford streets and into
Dickens' haunts, when time afforded, out to St. John's Woods, and
without fail to Kensington, to the Museum, which is most absorbing of
time and interest.",51.5074456,-0.1277653
London,London,"A snug, cool
cabin all to myself, which opened into a private hallway with a great
open hatchway, or open half-door, gave me the delicious sea air in its
fulness of life and vigor without the necessity of my going on deck. Our
steamer chairs bought at Hongkong were shipped through from Ismalia on
the same vessel we were sailing to Albert Docks, London, where I found
mine in good condition. I could recline in this private hall, book in
hand, and cull from its valuable contents, information of the objects I
had seen, and what was still in store for me--all the Oriental steamers
have well-chosen libraries for the benefit of travelers.",51.5074456,-0.1277653
London,London,"We must not fail to speak of
pleasant acquaintances made; of Sir Richard and Lady Campbell, who will
be our companions en voyage when we leave this port of Bombay until we
shall say good bye to them, and Mr. and Miss ----, of England, of whom
I have before written. We ship all trunks, save our steamer, to Albert
Docks, London, where we hope to reclaim them before re-embarking for
home. The parting of retired army officers, their wives and daughters,
from the sons and brothers who are left behind to achieve fame perhaps,
or lose their lives in the farther service to their country, seemed less
affecting than I imagined such scenes would be, but we find patriotism
very pronounced among the British subjects.",51.5074456,-0.1277653
London,London,"The ponderous bells, struck by
great beams of wood swung from the outside, give forth mighty mysterious
murmurings. The population of the city of Tokio is a million and a half (1895) and
covers a territory as large as London. The castle of the Mikado, in the
center of the city, occupies a space of several miles in circumference.",51.5074456,-0.1277653
London,London,"She had been
sent over by her state or the city of Boston, to investigate the ""Coffee
Houses"" of London, and Mr. Burr was known as a philanthropist in that
city. Preparations were made to see London by gas light, and I was among
the few invited to go with Mrs. Livermore. Two carriages were provided
for the party, and each held besides four occupants, a seat either for
Mr. Burr or his son, with the respective coachmen.",51.5074456,-0.1277653
New York,New York,"To see
the bees so thickly settled there was of little satisfaction, but what
were we there for if not to touch, taste and handle? The climatic
effects will preserve this wonderful monument for ages, while their
consorts on the Thames and in New York Central Park already show signs
of decay. The ostrich farm was a more enlivening scene.",40.7127281,-74.0060152
New York,New York,"A hasty breakfast and a few good-byes are spoken, and my heart swells
within me, as I spring from the gang-plank to the shore, and the lines

    ""My native country, thee,
    Land of the noble free,
      Thy name I love;
    I love thy rocks and rills,
    Thy woods and templed hills,
    My heart with rapture thrills
      Like that above,""

seem to express all and more than all that I could say. A short stay of a few hours in New York, and an uneventful trip on the
New York Central Railroad brought me into Chicago, where those nearest
and dearest to me were in waiting to bid me welcome home. And now in
closing, my dear children, I will say: ""That if the work I have done in
leaving you these impressions and footprints, gives the pleasure hoped
for, I will feel compensated, notwithstanding I have labored when the
flesh was weak and my vision clouded.",40.7127281,-74.0060152
